﻿<?xml version="1.0" encoding="utf-8"?>
<Roots >
  <Roots.RootTypes>
    <RootType FullName="Windows.UI.Xaml.ResourceDictionary">
      <RootProperty Name="MergedDictionaries" />
    </RootType>
    <RootType FullName="Windows.UI.Xaml.Media.FontFamily" />
    <RootType FullName="Salesforce.DesignSystem.Fonts" />
    <RootType FullName="Windows.UI.Xaml.Media.SolidColorBrush">
      <RootProperty Name="Color" />
    </RootType>
    <RootType FullName="Microsoft.Xaml.DirectUI.ProxyTypes.StaticResourceExtension" />
    <RootType FullName="Salesforce.DesignSystem.Brushes" />
    <RootType FullName="Windows.UI.Color" />
    <RootType FullName="System.Double" />
    <RootType FullName="Windows.UI.Xaml.Thickness" />
    <RootType FullName="Salesforce.DesignSystem.Tokens" />
    <RootType FullName="Salesforce.DesignSystem.MergedResources" />
  </Roots.RootTypes>
</Roots>
